[
  {
    "date": "2025-01-01",
    "weekday": "Wednesday",
    "name": "Polar Bear Plunge Day",
    "source": "timeanddate.com"
  },
  {
    "date": "2025-01-02",
    "weekday": "Thursday",
    "name": "Run It up the Flagpole and See If Anyone Salutes It Day",
    "source": "timeanddate.com"
  },
  {
    "date": "2025-01-02",
    "weekday": "Thursday",
    "name": "Buffet Day",
    "source": "timeanddate.com"
  },
  {
    "date": "2025-01-02",
    "weekday": "Thursday",
    "name": "Science Fiction Day",
    "source": "timeanddate.com"
  },
  {
    "date": "2025-01-03",
    "weekday": "Friday",
    "name": "Festival of Sleep Day",
    "source": "timeanddate.com"
  },
  {
    "date": "2025-01-03",
    "weekday": "Friday",
    "name": "Fruitcake Toss Day",
    "source": "timeanddate.com"
  },
  {
    "date": "2025-01-04",
    "weekday": "Saturday",
    "name": "Trivia Day",
    "source": "timeanddate.com"
  },
  {
    "date": "2025-01-05",
    "weekday": "Sunday",
    "name": "Bird Day",
    "source": "timeanddate.com"
  },
  {
    "date": "2025-01-06",
    "weekday": "Monday",
    "name": "Bean Day",
    "source": "timeanddate.com"
  },
  {
    "date": "2025-01-07",
    "weekday": "Tuesday",
    "name": "Old Rock Day",
    "source": "timeanddate.com"
  },
  {
    "date": "2025-01-08",
    "weekday": "Wednesday",
    "name": "Earth's Rotation Day",
    "source": "timeanddate.com"
  },
  {
    "date": "2025-01-09",
    "weekday": "Thursday",
    "name": "Static Electricity Day",
    "source": "timeanddate.com"
  },
  {
    "date": "2025-01-09",
    "weekday": "Thursday",
    "name": "Word Nerd Day",
    "source": "timeanddate.com"
  },
  {
    "date": "2025-01-10",
    "weekday": "Friday",
    "name": "Cut Your Energy Costs Day",
    "source": "timeanddate.com"
  },
  {
    "date": "2025-01-11",
    "weekday": "Saturday",
    "name": "Learn Your Name in Morse Code Day",
    "source": "timeanddate.com"
  },
  {
    "date": "2025-01-12",
    "weekday": "Sunday",
    "name": "Marzipan Day",
    "source": "timeanddate.com"
  },
  {
    "date": "2025-01-13",
    "weekday": "Monday",
    "name": "Make Your Dreams Come True Day",
    "source": "timeanddate.com"
  },
  {
    "date": "2025-01-13",
    "weekday": "Monday",
    "name": "Clean Off Your Desk Day",
    "source": "timeanddate.com"
  },
  {
    "date": "2025-01-14",
    "weekday": "Tuesday",
    "name": "Organize Your Home Day",
    "source": "timeanddate.com"
  },
  {
    "date": "2025-01-15",
    "weekday": "Wednesday",
    "name": "Strawberry Ice Cream Day",
    "source": "timeanddate.com"
  },
  {
    "date": "2025-01-15",
    "weekday": "Wednesday",
    "name": "Bagel and Lox Day",
    "source": "timeanddate.com"
  },
  {
    "date": "2025-01-16",
    "weekday": "Thursday",
    "name": "Nothing Day",
    "source": "timeanddate.com"
  },
  {
    "date": "2025-01-17",
    "weekday": "Friday",
    "name": "Kid Inventors' Day",
    "source": "timeanddate.com"
  },
  {
    "date": "2025-01-17",
    "weekday": "Friday",
    "name": "Benjamin Franklin Day",
    "source": "timeanddate.com"
  },
  {
    "date": "2025-01-17",
    "weekday": "Friday",
    "name": "Ditch New Year's Resolution Day",
    "source": "timeanddate.com"
  },
  {
    "date": "2025-01-18",
    "weekday": "Saturday",
    "name": "Soup Swap Day",
    "source": "timeanddate.com"
  },
  {
    "date": "2025-01-18",
    "weekday": "Saturday",
    "name": "Thesaurus Day",
    "source": "timeanddate.com"
  },
  {
    "date": "2025-01-19",
    "weekday": "Sunday",
    "name": "Tin Can Day",
    "source": "timeanddate.com"
  },
  {
    "date": "2025-01-19",
    "weekday": "Sunday",
    "name": "Popcorn Day",
    "source": "timeanddate.com"
  },
  {
    "date": "2025-01-20",
    "weekday": "Monday",
    "name": "Penguin Awareness Day",
    "source": "timeanddate.com"
  },
  {
    "date": "2025-01-21",
    "weekday": "Tuesday",
    "name": "Squirrel Appreciation Day",
    "source": "timeanddate.com"
  },
  {
    "date": "2025-01-22",
    "weekday": "Wednesday",
    "name": "Answer Your Cat's Questions Day",
    "source": "timeanddate.com"
  },
  {
    "date": "2025-01-22",
    "weekday": "Wednesday",
    "name": "Hot Sauce Day",
    "source": "timeanddate.com"
  },
  {
    "date": "2025-01-23",
    "weekday": "Thursday",
    "name": "Handwriting Day",
    "source": "timeanddate.com"
  },
  {
    "date": "2025-01-24",
    "weekday": "Friday",
    "name": "Compliment Day",
    "source": "timeanddate.com"
  },
  {
    "date": "2025-01-24",
    "weekday": "Friday",
    "name": "Macintosh Computer Day",
    "source": "timeanddate.com"
  },
  {
    "date": "2025-01-25",
    "weekday": "Saturday",
    "name": "Opposite Day",
    "source": "timeanddate.com"
  },
  {
    "date": "2025-01-26",
    "weekday": "Sunday",
    "name": "Spouse's Day",
    "source": "timeanddate.com"
  },
  {
    "date": "2025-01-27",
    "weekday": "Monday",
    "name": "Chocolate Cake Day",
    "source": "timeanddate.com"
  },
  {
    "date": "2025-01-27",
    "weekday": "Monday",
    "name": "e-Day",
    "source": "timeanddate.com"
  },
  {
    "date": "2025-01-28",
    "weekday": "Tuesday",
    "name": "Fun at Work Day",
    "source": "timeanddate.com"
  },
  {
    "date": "2025-01-28",
    "weekday": "Tuesday",
    "name": "Data Privacy Day",
    "source": "timeanddate.com"
  },
  {
    "date": "2025-01-29",
    "weekday": "Wednesday",
    "name": "Puzzle Day",
    "source": "timeanddate.com"
  },
  {
    "date": "2025-01-30",
    "weekday": "Thursday",
    "name": "Croissant Day",
    "source": "timeanddate.com"
  },
  {
    "date": "2025-01-31",
    "weekday": "Friday",
    "name": "Backwards Day",
    "source": "timeanddate.com"
  },
  {
    "date": "2025-02-01",
    "weekday": "Saturday",
    "name": "Eat Ice Cream for Breakfast Day",
    "source": "timeanddate.com"
  },
  {
    "date": "2025-02-02",
    "weekday": "Sunday",
    "name": "Play Your Ukulele Day",
    "source": "timeanddate.com"
  },
  {
    "date": "2025-02-02",
    "weekday": "Sunday",
    "name": "Day of the Crêpe",
    "source": "timeanddate.com"
  },
  {
    "date": "2025-02-03",
    "weekday": "Monday",
    "name": "Carrot Cake Day",
    "source": "timeanddate.com"
  },
  {
    "date": "2025-02-04",
    "weekday": "Tuesday",
    "name": "Stuffed Mushroom Day",
    "source": "timeanddate.com"
  },
  {
    "date": "2025-02-04",
    "weekday": "Tuesday",
    "name": "Create a Vacuum Day",
    "source": "timeanddate.com"
  },
  {
    "date": "2025-02-04",
    "weekday": "Tuesday",
    "name": "Thank Your Mailman Day",
    "source": "timeanddate.com"
  },
  {
    "date": "2025-02-05",
    "weekday": "Wednesday",
    "name": "National Weatherperson's Day",
    "source": "timeanddate.com"
  },
  {
    "date": "2025-02-05",
    "weekday": "Wednesday",
    "name": "Chocolate Fondue Day",
    "source": "timeanddate.com"
  },
  {
    "date": "2025-02-06",
    "weekday": "Thursday",
    "name": "Lame Duck Day",
    "source": "timeanddate.com"
  },
  {
    "date": "2025-02-07",
    "weekday": "Friday",
    "name": "Work Naked Day",
    "source": "timeanddate.com"
  },
  {
    "date": "2025-02-07",
    "weekday": "Friday",
    "name": "Send a Card to a Friend Day",
    "source": "timeanddate.com"
  },
  {
    "date": "2025-02-07",
    "weekday": "Friday",
    "name": "e-Day",
    "source": "timeanddate.com"
  },
  {
    "date": "2025-02-08",
    "weekday": "Saturday",
    "name": "Laugh and Get Rich Day",
    "source": "timeanddate.com"
  },
  {
    "date": "2025-02-09",
    "weekday": "Sunday",
    "name": "Toothache Day",
    "source": "timeanddate.com"
  },
  {
    "date": "2025-02-09",
    "weekday": "Sunday",
    "name": "Bagel and Lox Day",
    "source": "timeanddate.com"
  },
  {
    "date": "2025-02-10",
    "weekday": "Monday",
    "name": "Clean Out Your Computer Day",
    "source": "timeanddate.com"
  },
  {
    "date": "2025-02-10",
    "weekday": "Monday",
    "name": "Umbrella Day",
    "source": "timeanddate.com"
  },
  {
    "date": "2025-02-11",
    "weekday": "Tuesday",
    "name": "Make a Friend Day",
    "source": "timeanddate.com"
  },
  {
    "date": "2025-02-11",
    "weekday": "Tuesday",
    "name": "Don't Cry Over Spilled Milk Day",
    "source": "timeanddate.com"
  },
  {
    "date": "2025-02-12",
    "weekday": "Wednesday",
    "name": "Darwin Day",
    "source": "timeanddate.com"
  },
  {
    "date": "2025-02-13",
    "weekday": "Thursday",
    "name": "World Radio Day",
    "source": "timeanddate.com"
  },
  {
    "date": "2025-02-14",
    "weekday": "Friday",
    "name": "Ferris Wheel Day",
    "source": "timeanddate.com"
  },
  {
    "date": "2025-02-14",
    "weekday": "Friday",
    "name": "Library Lovers Day",
    "source": "timeanddate.com"
  },
  {
    "date": "2025-02-15",
    "weekday": "Saturday",
    "name": "Gumdrop Day",
    "source": "timeanddate.com"
  },
  {
    "date": "2025-02-16",
    "weekday": "Sunday",
    "name": "Do a Grouch a Favor Day",
    "source": "timeanddate.com"
  },
  {
    "date": "2025-02-17",
    "weekday": "Monday",
    "name": "Random Act of Kindness Day",
    "source": "timeanddate.com"
  },
  {
    "date": "2025-02-18",
    "weekday": "Tuesday",
    "name": "Battery Day",
    "source": "timeanddate.com"
  },
  {
    "date": "2025-02-19",
    "weekday": "Wednesday",
    "name": "Chocolate Mint Day",
    "source": "timeanddate.com"
  },
  {
    "date": "2025-02-22",
    "weekday": "Saturday",
    "name": "Be Humble Day",
    "source": "timeanddate.com"
  },
  {
    "date": "2025-02-22",
    "weekday": "Saturday",
    "name": "Single Tasking Day",
    "source": "timeanddate.com"
  },
  {
    "date": "2025-02-22",
    "weekday": "Saturday",
    "name": "World Sword Swallowers Day",
    "source": "timeanddate.com"
  },
  {
    "date": "2025-02-23",
    "weekday": "Sunday",
    "name": "International Dog Biscuit Appreciation Day",
    "source": "timeanddate.com"
  },
  {
    "date": "2025-02-24",
    "weekday": "Monday",
    "name": "Tortilla Chip Day",
    "source": "timeanddate.com"
  },
  {
    "date": "2025-02-26",
    "weekday": "Wednesday",
    "name": "Tell a Fairy Tale Day",
    "source": "timeanddate.com"
  },
  {
    "date": "2025-02-26",
    "weekday": "Wednesday",
    "name": "Pistachio Day",
    "source": "timeanddate.com"
  },
  {
    "date": "2025-02-27",
    "weekday": "Thursday",
    "name": "International Polar Bear Day",
    "source": "timeanddate.com"
  },
  {
    "date": "2025-02-27",
    "weekday": "Thursday",
    "name": "No Brainer Day",
    "source": "timeanddate.com"
  },
  {
    "date": "2025-02-28",
    "weekday": "Friday",
    "name": "Public Sleeping Day",
    "source": "timeanddate.com"
  },
  {
    "date": "2025-03-01",
    "weekday": "Saturday",
    "name": "World Compliment Day",
    "source": "timeanddate.com"
  },
  {
    "date": "2025-03-01",
    "weekday": "Saturday",
    "name": "Plan a Solo Vacation Day",
    "source": "timeanddate.com"
  },
  {
    "date": "2025-03-02",
    "weekday": "Sunday",
    "name": "Old Stuff Day",
    "source": "timeanddate.com"
  },
  {
    "date": "2025-03-03",
    "weekday": "Monday",
    "name": "I Want You to be Happy Day",
    "source": "timeanddate.com"
  },
  {
    "date": "2025-03-04",
    "weekday": "Tuesday",
    "name": "March Forth and Do Something Day",
    "source": "timeanddate.com"
  },
  {
    "date": "2025-03-05",
    "weekday": "Wednesday",
    "name": "Cinco de Marcho",
    "source": "timeanddate.com"
  },
  {
    "date": "2025-03-05",
    "weekday": "Wednesday",
    "name": "Learn What Your Name Means Day",
    "source": "timeanddate.com"
  },
  {
    "date": "2025-03-06",
    "weekday": "Thursday",
    "name": "Dentist’s Day",
    "source": "timeanddate.com"
  },
  {
    "date": "2025-03-07",
    "weekday": "Friday",
    "name": "Alexander Graham Bell Day",
    "source": "timeanddate.com"
  },
  {
    "date": "2025-03-08",
    "weekday": "Saturday",
    "name": "Proofreading Day",
    "source": "timeanddate.com"
  },
  {
    "date": "2025-03-10",
    "weekday": "Monday",
    "name": "Napping Day",
    "source": "timeanddate.com"
  },
  {
    "date": "2025-03-10",
    "weekday": "Monday",
    "name": "Mario Day",
    "source": "timeanddate.com"
  },
  {
    "date": "2025-03-11",
    "weekday": "Tuesday",
    "name": "Oatmeal Nut Waffle Day",
    "source": "timeanddate.com"
  },
  {
    "date": "2025-03-12",
    "weekday": "Wednesday",
    "name": "Alfred Hitchcock Day",
    "source": "timeanddate.com"
  },
  {
    "date": "2025-03-13",
    "weekday": "Thursday",
    "name": "Jewel Day",
    "source": "timeanddate.com"
  },
  {
    "date": "2025-03-14",
    "weekday": "Friday",
    "name": "Pi Day",
    "source": "timeanddate.com"
  },
  {
    "date": "2025-03-15",
    "weekday": "Saturday",
    "name": "Everything You Think is Wrong Day",
    "source": "timeanddate.com"
  },
  {
    "date": "2025-03-16",
    "weekday": "Sunday",
    "name": "Every Thing You Do is Right Day",
    "source": "timeanddate.com"
  },
  {
    "date": "2025-03-17",
    "weekday": "Monday",
    "name": "Submarine Day",
    "source": "timeanddate.com"
  },
  {
    "date": "2025-03-18",
    "weekday": "Tuesday",
    "name": "Awkward Moments Day",
    "source": "timeanddate.com"
  },
  {
    "date": "2025-03-19",
    "weekday": "Wednesday",
    "name": "Let's Laugh Day",
    "source": "timeanddate.com"
  },
  {
    "date": "2025-03-20",
    "weekday": "Thursday",
    "name": "Absolutely Incredible Kid Day",
    "source": "timeanddate.com"
  },
  {
    "date": "2025-03-20",
    "weekday": "Thursday",
    "name": "Proposal Day",
    "source": "timeanddate.com"
  },
  {
    "date": "2025-03-20",
    "weekday": "Thursday",
    "name": "World Storytelling Day",
    "source": "timeanddate.com"
  },
  {
    "date": "2025-03-21",
    "weekday": "Friday",
    "name": "Common Courtesy Day",
    "source": "timeanddate.com"
  },
  {
    "date": "2025-03-22",
    "weekday": "Saturday",
    "name": "International Goof Off Day",
    "source": "timeanddate.com"
  },
  {
    "date": "2025-03-23",
    "weekday": "Sunday",
    "name": "Puppy Day",
    "source": "timeanddate.com"
  },
  {
    "date": "2025-03-23",
    "weekday": "Sunday",
    "name": "Near Miss Day",
    "source": "timeanddate.com"
  },
  {
    "date": "2025-03-24",
    "weekday": "Monday",
    "name": "Chocolate Covered Raisins Day",
    "source": "timeanddate.com"
  },
  {
    "date": "2025-03-25",
    "weekday": "Tuesday",
    "name": "Waffle Day",
    "source": "timeanddate.com"
  },
  {
    "date": "2025-03-25",
    "weekday": "Tuesday",
    "name": "Tolkien Reading Day",
    "source": "timeanddate.com"
  },
  {
    "date": "2025-03-26",
    "weekday": "Wednesday",
    "name": "Make Up Your Own Holiday Day",
    "source": "timeanddate.com"
  },
  {
    "date": "2025-03-27",
    "weekday": "Thursday",
    "name": "Spanish Paella Day",
    "source": "timeanddate.com"
  },
  {
    "date": "2025-03-28",
    "weekday": "Friday",
    "name": "Something on a Stick Day",
    "source": "timeanddate.com"
  },
  {
    "date": "2025-03-29",
    "weekday": "Saturday",
    "name": "Smoke and Mirrors Day",
    "source": "timeanddate.com"
  },
  {
    "date": "2025-03-30",
    "weekday": "Sunday",
    "name": "Take a Walk in the Park Day",
    "source": "timeanddate.com"
  },
  {
    "date": "2025-03-31",
    "weekday": "Monday",
    "name": "Bunsen Burner Day",
    "source": "timeanddate.com"
  },
  {
    "date": "2025-04-01",
    "weekday": "Tuesday",
    "name": "Fun at Work Day",
    "source": "timeanddate.com"
  },
  {
    "date": "2025-04-03",
    "weekday": "Thursday",
    "name": "World Party Day",
    "source": "timeanddate.com"
  },
  {
    "date": "2025-04-04",
    "weekday": "Friday",
    "name": "Walk to Work Day",
    "source": "timeanddate.com"
  },
  {
    "date": "2025-04-04",
    "weekday": "Friday",
    "name": "Tell a Lie Day",
    "source": "timeanddate.com"
  },
  {
    "date": "2025-04-05",
    "weekday": "Saturday",
    "name": "First Contact Day",
    "source": "timeanddate.com"
  },
  {
    "date": "2025-04-05",
    "weekday": "Saturday",
    "name": "Read a Road Map Day",
    "source": "timeanddate.com"
  },
  {
    "date": "2025-04-06",
    "weekday": "Sunday",
    "name": "Sorry Charlie Day",
    "source": "timeanddate.com"
  },
  {
    "date": "2025-04-08",
    "weekday": "Tuesday",
    "name": "Be Kind to Lawyers Day",
    "source": "timeanddate.com"
  },
  {
    "date": "2025-04-10",
    "weekday": "Thursday",
    "name": "Siblings Day",
    "source": "timeanddate.com"
  },
  {
    "date": "2025-04-11",
    "weekday": "Friday",
    "name": "Barbershop Quartet Day",
    "source": "timeanddate.com"
  },
  {
    "date": "2025-04-11",
    "weekday": "Friday",
    "name": "Submarine Day",
    "source": "timeanddate.com"
  },
  {
    "date": "2025-04-12",
    "weekday": "Saturday",
    "name": "Yuri's Night",
    "source": "timeanddate.com"
  },
  {
    "date": "2025-04-12",
    "weekday": "Saturday",
    "name": "Grilled Cheese Day",
    "source": "timeanddate.com"
  },
  {
    "date": "2025-04-13",
    "weekday": "Sunday",
    "name": "Scrabble Day",
    "source": "timeanddate.com"
  },
  {
    "date": "2025-04-14",
    "weekday": "Monday",
    "name": "Look up the Sky Day",
    "source": "timeanddate.com"
  },
  {
    "date": "2025-04-14",
    "weekday": "Monday",
    "name": "International Moment of Laughter Day",
    "source": "timeanddate.com"
  },
  {
    "date": "2025-04-14",
    "weekday": "Monday",
    "name": "Reach as High as You Can Day",
    "source": "timeanddate.com"
  },
  {
    "date": "2025-04-16",
    "weekday": "Wednesday",
    "name": "Wear Pajamas to Work Day",
    "source": "timeanddate.com"
  },
  {
    "date": "2025-04-16",
    "weekday": "Wednesday",
    "name": "Eggs Benedict Day",
    "source": "timeanddate.com"
  },
  {
    "date": "2025-04-17",
    "weekday": "Thursday",
    "name": "Haiku Poetry Day",
    "source": "timeanddate.com"
  },
  {
    "date": "2025-04-18",
    "weekday": "Friday",
    "name": "Columnist Day",
    "source": "timeanddate.com"
  },
  {
    "date": "2025-04-20",
    "weekday": "Sunday",
    "name": "Look Alike Day",
    "source": "timeanddate.com"
  },
  {
    "date": "2025-04-22",
    "weekday": "Tuesday",
    "name": "Jelly Bean Day",
    "source": "timeanddate.com"
  },
  {
    "date": "2025-04-23",
    "weekday": "Wednesday",
    "name": "Take a Chance Day",
    "source": "timeanddate.com"
  },
  {
    "date": "2025-04-23",
    "weekday": "Wednesday",
    "name": "Impossible Astronaut Day",
    "source": "timeanddate.com"
  },
  {
    "date": "2025-04-23",
    "weekday": "Wednesday",
    "name": "Lover's Day",
    "source": "timeanddate.com"
  },
  {
    "date": "2025-04-24",
    "weekday": "Thursday",
    "name": "Take Our Daughters and Sons to Work Day",
    "source": "timeanddate.com"
  },
  {
    "date": "2025-04-25",
    "weekday": "Friday",
    "name": "DNA Day",
    "source": "timeanddate.com"
  },
  {
    "date": "2025-04-26",
    "weekday": "Saturday",
    "name": "Pretzel Day",
    "source": "timeanddate.com"
  },
  {
    "date": "2025-04-26",
    "weekday": "Saturday",
    "name": "Richter Scale Day",
    "source": "timeanddate.com"
  },
  {
    "date": "2025-04-27",
    "weekday": "Sunday",
    "name": "World Pinhole Photography Day",
    "source": "timeanddate.com"
  },
  {
    "date": "2025-04-29",
    "weekday": "Tuesday",
    "name": "Zipper Day",
    "source": "timeanddate.com"
  },
  {
    "date": "2025-04-30",
    "weekday": "Wednesday",
    "name": "Honesty Day",
    "source": "timeanddate.com"
  },
  {
    "date": "2025-05-01",
    "weekday": "Thursday",
    "name": "Batman Day",
    "source": "timeanddate.com"
  },
  {
    "date": "2025-05-02",
    "weekday": "Friday",
    "name": "No Pants Day",
    "source": "timeanddate.com"
  },
  {
    "date": "2025-05-02",
    "weekday": "Friday",
    "name": "Space Day",
    "source": "timeanddate.com"
  },
  {
    "date": "2025-05-03",
    "weekday": "Saturday",
    "name": "Free Comic Book Day",
    "source": "timeanddate.com"
  },
  {
    "date": "2025-05-03",
    "weekday": "Saturday",
    "name": "Herb Day",
    "source": "timeanddate.com"
  },
  {
    "date": "2025-05-03",
    "weekday": "Saturday",
    "name": "Astronomy Day",
    "source": "timeanddate.com"
  },
  {
    "date": "2025-05-04",
    "weekday": "Sunday",
    "name": "Star Wars Day",
    "source": "timeanddate.com"
  },
  {
    "date": "2025-05-05",
    "weekday": "Monday",
    "name": "Square Root Day",
    "source": "timeanddate.com"
  },
  {
    "date": "2025-05-06",
    "weekday": "Tuesday",
    "name": "Beverage Day",
    "source": "timeanddate.com"
  },
  {
    "date": "2025-05-07",
    "weekday": "Wednesday",
    "name": "National School Nurse Day",
    "source": "timeanddate.com"
  },
  {
    "date": "2025-05-09",
    "weekday": "Friday",
    "name": "Europe Day",
    "source": "timeanddate.com"
  },
  {
    "date": "2025-05-09",
    "weekday": "Friday",
    "name": "Lost Sock Memorial Day",
    "source": "timeanddate.com"
  },
  {
    "date": "2025-05-10",
    "weekday": "Saturday",
    "name": "Clean Up Your Room Day",
    "source": "timeanddate.com"
  },
  {
    "date": "2025-05-11",
    "weekday": "Sunday",
    "name": "Eat What You Want Day",
    "source": "timeanddate.com"
  },
  {
    "date": "2025-05-11",
    "weekday": "Sunday",
    "name": "Twilight Zone Day",
    "source": "timeanddate.com"
  },
  {
    "date": "2025-05-12",
    "weekday": "Monday",
    "name": "Limerick Day",
    "source": "timeanddate.com"
  },
  {
    "date": "2025-05-13",
    "weekday": "Tuesday",
    "name": "Frog Jumping Day",
    "source": "timeanddate.com"
  },
  {
    "date": "2025-05-14",
    "weekday": "Wednesday",
    "name": "Dance Like a Chicken Day",
    "source": "timeanddate.com"
  },
  {
    "date": "2025-05-15",
    "weekday": "Thursday",
    "name": "Chocolate Chip Day",
    "source": "timeanddate.com"
  },
  {
    "date": "2025-05-16",
    "weekday": "Friday",
    "name": "Pizza Party Day",
    "source": "timeanddate.com"
  },
  {
    "date": "2025-05-17",
    "weekday": "Saturday",
    "name": "Pack Rat Day",
    "source": "timeanddate.com"
  },
  {
    "date": "2025-05-18",
    "weekday": "Sunday",
    "name": "No Dirty Dishes Day",
    "source": "timeanddate.com"
  },
  {
    "date": "2025-05-19",
    "weekday": "Monday",
    "name": "May Ray Day",
    "source": "timeanddate.com"
  },
  {
    "date": "2025-05-20",
    "weekday": "Tuesday",
    "name": "Be a Millionaire Day",
    "source": "timeanddate.com"
  },
  {
    "date": "2025-05-21",
    "weekday": "Wednesday",
    "name": "Talk Like Yoda Day",
    "source": "timeanddate.com"
  },
  {
    "date": "2025-05-22",
    "weekday": "Thursday",
    "name": "Buy a Musical Instrument Day",
    "source": "timeanddate.com"
  },
  {
    "date": "2025-05-24",
    "weekday": "Saturday",
    "name": "Scavenger Hunt Day",
    "source": "timeanddate.com"
  },
  {
    "date": "2025-05-25",
    "weekday": "Sunday",
    "name": "Towel Day",
    "source": "timeanddate.com"
  },
  {
    "date": "2025-05-25",
    "weekday": "Sunday",
    "name": "Sing Out Day",
    "source": "timeanddate.com"
  },
  {
    "date": "2025-05-26",
    "weekday": "Monday",
    "name": "World Lindy Hop Day",
    "source": "timeanddate.com"
  },
  {
    "date": "2025-05-27",
    "weekday": "Tuesday",
    "name": "Sun Screen Day",
    "source": "timeanddate.com"
  },
  {
    "date": "2025-05-28",
    "weekday": "Wednesday",
    "name": "Hamburger Day",
    "source": "timeanddate.com"
  },
  {
    "date": "2025-05-29",
    "weekday": "Thursday",
    "name": "Put a Pillow on Your Fridge Day",
    "source": "timeanddate.com"
  },
  {
    "date": "2025-05-30",
    "weekday": "Friday",
    "name": "My Bucket's Got a Hole Day",
    "source": "timeanddate.com"
  },
  {
    "date": "2025-05-31",
    "weekday": "Saturday",
    "name": "Macaroon Day",
    "source": "timeanddate.com"
  },
  {
    "date": "2025-06-01",
    "weekday": "Sunday",
    "name": "Say Something Nice Day",
    "source": "timeanddate.com"
  },
  {
    "date": "2025-06-02",
    "weekday": "Monday",
    "name": "Leave the Office Early Day",
    "source": "timeanddate.com"
  },
  {
    "date": "2025-06-03",
    "weekday": "Tuesday",
    "name": "Repeat Day",
    "source": "timeanddate.com"
  },
  {
    "date": "2025-06-04",
    "weekday": "Wednesday",
    "name": "Hug Your Cat Day",
    "source": "timeanddate.com"
  },
  {
    "date": "2025-06-06",
    "weekday": "Friday",
    "name": "Drive-In Movie Day",
    "source": "timeanddate.com"
  },
  {
    "date": "2025-06-06",
    "weekday": "Friday",
    "name": "National Doughnut Day",
    "source": "timeanddate.com"
  },
  {
    "date": "2025-06-07",
    "weekday": "Saturday",
    "name": "VCR Day",
    "source": "timeanddate.com"
  },
  {
    "date": "2025-06-08",
    "weekday": "Sunday",
    "name": "Best Friends Day",
    "source": "timeanddate.com"
  },
  {
    "date": "2025-06-09",
    "weekday": "Monday",
    "name": "Donald Duck Day",
    "source": "timeanddate.com"
  },
  {
    "date": "2025-06-10",
    "weekday": "Tuesday",
    "name": "Iced Tea Day",
    "source": "timeanddate.com"
  },
  {
    "date": "2025-06-11",
    "weekday": "Wednesday",
    "name": "Corn on the Cob Day",
    "source": "timeanddate.com"
  },
  {
    "date": "2025-06-12",
    "weekday": "Thursday",
    "name": "Red Rose Day",
    "source": "timeanddate.com"
  },
  {
    "date": "2025-06-13",
    "weekday": "Friday",
    "name": "Sewing Machine Day",
    "source": "timeanddate.com"
  },
  {
    "date": "2025-06-14",
    "weekday": "Saturday",
    "name": "World Juggling Day",
    "source": "timeanddate.com"
  },
  {
    "date": "2025-06-14",
    "weekday": "Saturday",
    "name": "Bourbon Day",
    "source": "timeanddate.com"
  },
  {
    "date": "2025-06-15",
    "weekday": "Sunday",
    "name": "Nature Photography Day",
    "source": "timeanddate.com"
  },
  {
    "date": "2025-06-16",
    "weekday": "Monday",
    "name": "Bloomsday",
    "source": "timeanddate.com"
  },
  {
    "date": "2025-06-17",
    "weekday": "Tuesday",
    "name": "Eat Your Vegetables Day",
    "source": "timeanddate.com"
  },
  {
    "date": "2025-06-18",
    "weekday": "Wednesday",
    "name": "International Panic Day",
    "source": "timeanddate.com"
  },
  {
    "date": "2025-06-18",
    "weekday": "Wednesday",
    "name": "International Picnic Day",
    "source": "timeanddate.com"
  },
  {
    "date": "2025-06-19",
    "weekday": "Thursday",
    "name": "Sauntering Day",
    "source": "timeanddate.com"
  },
  {
    "date": "2025-06-20",
    "weekday": "Friday",
    "name": "Take Your Dog to Work Day",
    "source": "timeanddate.com"
  },
  {
    "date": "2025-06-21",
    "weekday": "Saturday",
    "name": "Daylight Appreciation Day",
    "source": "timeanddate.com"
  },
  {
    "date": "2025-06-22",
    "weekday": "Sunday",
    "name": "Onion Ring Day",
    "source": "timeanddate.com"
  },
  {
    "date": "2025-06-23",
    "weekday": "Monday",
    "name": "Typewriter Day",
    "source": "timeanddate.com"
  },
  {
    "date": "2025-06-24",
    "weekday": "Tuesday",
    "name": "Swim a Lap Day",
    "source": "timeanddate.com"
  },
  {
    "date": "2025-06-25",
    "weekday": "Wednesday",
    "name": "Please Take my Children to Work Day",
    "source": "timeanddate.com"
  },
  {
    "date": "2025-06-26",
    "weekday": "Thursday",
    "name": "Chocolate Pudding Day",
    "source": "timeanddate.com"
  },
  {
    "date": "2025-06-27",
    "weekday": "Friday",
    "name": "Helen Keller Day",
    "source": "timeanddate.com"
  },
  {
    "date": "2025-06-28",
    "weekday": "Saturday",
    "name": "Tau Day",
    "source": "timeanddate.com"
  },
  {
    "date": "2025-06-29",
    "weekday": "Sunday",
    "name": "Camera Day",
    "source": "timeanddate.com"
  },
  {
    "date": "2025-06-30",
    "weekday": "Monday",
    "name": "Meteor Watch Day",
    "source": "timeanddate.com"
  },
  {
    "date": "2025-07-01",
    "weekday": "Tuesday",
    "name": "International Joke Day",
    "source": "timeanddate.com"
  },
  {
    "date": "2025-07-02",
    "weekday": "Wednesday",
    "name": "World UFO Day",
    "source": "timeanddate.com"
  },
  {
    "date": "2025-07-02",
    "weekday": "Wednesday",
    "name": "I Forgot Day",
    "source": "timeanddate.com"
  },
  {
    "date": "2025-07-03",
    "weekday": "Thursday",
    "name": "International Plastic Bag Free Day",
    "source": "timeanddate.com"
  },
  {
    "date": "2025-07-03",
    "weekday": "Thursday",
    "name": "Compliment Your Mirror Day",
    "source": "timeanddate.com"
  },
  {
    "date": "2025-07-04",
    "weekday": "Friday",
    "name": "Sidewalk Egg Frying Day",
    "source": "timeanddate.com"
  },
  {
    "date": "2025-07-05",
    "weekday": "Saturday",
    "name": "Workaholics Day",
    "source": "timeanddate.com"
  },
  {
    "date": "2025-07-06",
    "weekday": "Sunday",
    "name": "World Kissing Day",
    "source": "timeanddate.com"
  },
  {
    "date": "2025-07-07",
    "weekday": "Monday",
    "name": "Tell the Truth Day",
    "source": "timeanddate.com"
  },
  {
    "date": "2025-07-08",
    "weekday": "Tuesday",
    "name": "Video Games Day",
    "source": "timeanddate.com"
  },
  {
    "date": "2025-07-08",
    "weekday": "Tuesday",
    "name": "Math 2.0 Day",
    "source": "timeanddate.com"
  },
  {
    "date": "2025-07-09",
    "weekday": "Wednesday",
    "name": "Sugar Cookie Day",
    "source": "timeanddate.com"
  },
  {
    "date": "2025-07-10",
    "weekday": "Thursday",
    "name": "Teddy Bears' Picnic Day",
    "source": "timeanddate.com"
  },
  {
    "date": "2025-07-10",
    "weekday": "Thursday",
    "name": "Clerihew Day",
    "source": "timeanddate.com"
  },
  {
    "date": "2025-07-11",
    "weekday": "Friday",
    "name": "Cheer Up the Lonely Day",
    "source": "timeanddate.com"
  },
  {
    "date": "2025-07-12",
    "weekday": "Saturday",
    "name": "Simplicity Day",
    "source": "timeanddate.com"
  },
  {
    "date": "2025-07-13",
    "weekday": "Sunday",
    "name": "Embrace Your Geekness Day",
    "source": "timeanddate.com"
  },
  {
    "date": "2025-07-14",
    "weekday": "Monday",
    "name": "Pandemonium Day",
    "source": "timeanddate.com"
  },
  {
    "date": "2025-07-15",
    "weekday": "Tuesday",
    "name": "Gummi Worm Day",
    "source": "timeanddate.com"
  },
  {
    "date": "2025-07-16",
    "weekday": "Wednesday",
    "name": "Corn Fritters Day",
    "source": "timeanddate.com"
  },
  {
    "date": "2025-07-17",
    "weekday": "Thursday",
    "name": "Yellow Pig Day",
    "source": "timeanddate.com"
  },
  {
    "date": "2025-07-17",
    "weekday": "Thursday",
    "name": "Emoji Day",
    "source": "timeanddate.com"
  },
  {
    "date": "2025-07-18",
    "weekday": "Friday",
    "name": "Insurance Nerd Day",
    "source": "timeanddate.com"
  },
  {
    "date": "2025-07-18",
    "weekday": "Friday",
    "name": "Caviar Day",
    "source": "timeanddate.com"
  },
  {
    "date": "2025-07-19",
    "weekday": "Saturday",
    "name": "Stick Out Your Tongue Day",
    "source": "timeanddate.com"
  },
  {
    "date": "2025-07-20",
    "weekday": "Sunday",
    "name": "Space Exploration Day",
    "source": "timeanddate.com"
  },
  {
    "date": "2025-07-20",
    "weekday": "Sunday",
    "name": "Ice Cream Day",
    "source": "timeanddate.com"
  },
  {
    "date": "2025-07-21",
    "weekday": "Monday",
    "name": "Junk Food Day",
    "source": "timeanddate.com"
  },
  {
    "date": "2025-07-22",
    "weekday": "Tuesday",
    "name": "Pi Approximation Day",
    "source": "timeanddate.com"
  },
  {
    "date": "2025-07-23",
    "weekday": "Wednesday",
    "name": "Vanilla Ice Cream Day",
    "source": "timeanddate.com"
  },
  {
    "date": "2025-07-24",
    "weekday": "Thursday",
    "name": "Cousins Day",
    "source": "timeanddate.com"
  },
  {
    "date": "2025-07-24",
    "weekday": "Thursday",
    "name": "Pythagorean Theorem Day",
    "source": "timeanddate.com"
  },
  {
    "date": "2025-07-25",
    "weekday": "Friday",
    "name": "Culinarians Day",
    "source": "timeanddate.com"
  },
  {
    "date": "2025-07-26",
    "weekday": "Saturday",
    "name": "Uncle and Aunt Day",
    "source": "timeanddate.com"
  },
  {
    "date": "2025-07-27",
    "weekday": "Sunday",
    "name": "Take your Pants for a Walk Day",
    "source": "timeanddate.com"
  },
  {
    "date": "2025-07-28",
    "weekday": "Monday",
    "name": "Milk Chocolate Day",
    "source": "timeanddate.com"
  },
  {
    "date": "2025-07-29",
    "weekday": "Tuesday",
    "name": "Lasagna Day",
    "source": "timeanddate.com"
  },
  {
    "date": "2025-07-30",
    "weekday": "Wednesday",
    "name": "National Cheesecake Day",
    "source": "timeanddate.com"
  },
  {
    "date": "2025-07-31",
    "weekday": "Thursday",
    "name": "Uncommon Musical Instrument Day",
    "source": "timeanddate.com"
  },
  {
    "date": "2025-08-01",
    "weekday": "Friday",
    "name": "National Girlfriend Day",
    "source": "timeanddate.com"
  },
  {
    "date": "2025-08-01",
    "weekday": "Friday",
    "name": "International Beer Day",
    "source": "timeanddate.com"
  },
  {
    "date": "2025-08-02",
    "weekday": "Saturday",
    "name": "Ice Cream Sandwich Day",
    "source": "timeanddate.com"
  },
  {
    "date": "2025-08-03",
    "weekday": "Sunday",
    "name": "Sisters' Day",
    "source": "timeanddate.com"
  },
  {
    "date": "2025-08-03",
    "weekday": "Sunday",
    "name": "Watermelon Day",
    "source": "timeanddate.com"
  },
  {
    "date": "2025-08-04",
    "weekday": "Monday",
    "name": "Single Working Women's Day",
    "source": "timeanddate.com"
  },
  {
    "date": "2025-08-05",
    "weekday": "Tuesday",
    "name": "Work Like a Dog Day",
    "source": "timeanddate.com"
  },
  {
    "date": "2025-08-06",
    "weekday": "Wednesday",
    "name": "Fresh Breath Day",
    "source": "timeanddate.com"
  },
  {
    "date": "2025-08-07",
    "weekday": "Thursday",
    "name": "Lighthouse Day",
    "source": "timeanddate.com"
  },
  {
    "date": "2025-08-08",
    "weekday": "Friday",
    "name": "Happiness Happens Day",
    "source": "timeanddate.com"
  },
  {
    "date": "2025-08-09",
    "weekday": "Saturday",
    "name": "Book Lovers Day",
    "source": "timeanddate.com"
  },
  {
    "date": "2025-08-10",
    "weekday": "Sunday",
    "name": "Lazy Day",
    "source": "timeanddate.com"
  },
  {
    "date": "2025-08-11",
    "weekday": "Monday",
    "name": "Son and Daughter Day",
    "source": "timeanddate.com"
  },
  {
    "date": "2025-08-12",
    "weekday": "Tuesday",
    "name": "Middle Child Day",
    "source": "timeanddate.com"
  },
  {
    "date": "2025-08-13",
    "weekday": "Wednesday",
    "name": "Left-Handers Day",
    "source": "timeanddate.com"
  },
  {
    "date": "2025-08-14",
    "weekday": "Thursday",
    "name": "Creamsicle Day",
    "source": "timeanddate.com"
  },
  {
    "date": "2025-08-15",
    "weekday": "Friday",
    "name": "Relaxation Day",
    "source": "timeanddate.com"
  },
  {
    "date": "2025-08-16",
    "weekday": "Saturday",
    "name": "Tell a Joke Day",
    "source": "timeanddate.com"
  },
  {
    "date": "2025-08-17",
    "weekday": "Sunday",
    "name": "Thrift Shop Day",
    "source": "timeanddate.com"
  },
  {
    "date": "2025-08-18",
    "weekday": "Monday",
    "name": "Mail Order Catalog Day",
    "source": "timeanddate.com"
  },
  {
    "date": "2025-08-19",
    "weekday": "Tuesday",
    "name": "World Photo Day",
    "source": "timeanddate.com"
  },
  {
    "date": "2025-08-20",
    "weekday": "Wednesday",
    "name": "Chocolate Pecan Pie Day",
    "source": "timeanddate.com"
  },
  {
    "date": "2025-08-21",
    "weekday": "Thursday",
    "name": "Spumoni Day",
    "source": "timeanddate.com"
  },
  {
    "date": "2025-08-22",
    "weekday": "Friday",
    "name": "Be An Angel Day",
    "source": "timeanddate.com"
  },
  {
    "date": "2025-08-23",
    "weekday": "Saturday",
    "name": "Ride Like the Wind Day",
    "source": "timeanddate.com"
  },
  {
    "date": "2025-08-24",
    "weekday": "Sunday",
    "name": "Pluto Demoted Day",
    "source": "timeanddate.com"
  },
  {
    "date": "2025-08-25",
    "weekday": "Monday",
    "name": "Kiss and Make up Day",
    "source": "timeanddate.com"
  },
  {
    "date": "2025-08-26",
    "weekday": "Tuesday",
    "name": "Dog Appreciation Day",
    "source": "timeanddate.com"
  },
  {
    "date": "2025-08-27",
    "weekday": "Wednesday",
    "name": "The Duchess Who Wasn't Day",
    "source": "timeanddate.com"
  },
  {
    "date": "2025-08-28",
    "weekday": "Thursday",
    "name": "Bow Tie Day",
    "source": "timeanddate.com"
  },
  {
    "date": "2025-08-29",
    "weekday": "Friday",
    "name": "According to Hoyle Day",
    "source": "timeanddate.com"
  },
  {
    "date": "2025-08-30",
    "weekday": "Saturday",
    "name": "Frankenstein Day",
    "source": "timeanddate.com"
  },
  {
    "date": "2025-08-31",
    "weekday": "Sunday",
    "name": "Eat Outside Day",
    "source": "timeanddate.com"
  },
  {
    "date": "2025-09-01",
    "weekday": "Monday",
    "name": "No Rhyme or Reason Day",
    "source": "timeanddate.com"
  },
  {
    "date": "2025-09-01",
    "weekday": "Monday",
    "name": "Emma Nutt Day",
    "source": "timeanddate.com"
  },
  {
    "date": "2025-09-02",
    "weekday": "Tuesday",
    "name": "Bison Ten Yell Day",
    "source": "timeanddate.com"
  },
  {
    "date": "2025-09-03",
    "weekday": "Wednesday",
    "name": "Skyscraper Day",
    "source": "timeanddate.com"
  },
  {
    "date": "2025-09-04",
    "weekday": "Thursday",
    "name": "Eat an Extra Dessert Day",
    "source": "timeanddate.com"
  },
  {
    "date": "2025-09-05",
    "weekday": "Friday",
    "name": "Cheese Pizza Day",
    "source": "timeanddate.com"
  },
  {
    "date": "2025-09-05",
    "weekday": "Friday",
    "name": "Be Late for Something Day",
    "source": "timeanddate.com"
  },
  {
    "date": "2025-09-06",
    "weekday": "Saturday",
    "name": "Fight Procrastination Day",
    "source": "timeanddate.com"
  },
  {
    "date": "2025-09-06",
    "weekday": "Saturday",
    "name": "Read a Book Day",
    "source": "timeanddate.com"
  },
  {
    "date": "2025-09-07",
    "weekday": "Sunday",
    "name": "Salami Day",
    "source": "timeanddate.com"
  },
  {
    "date": "2025-09-08",
    "weekday": "Monday",
    "name": "Pardon Day",
    "source": "timeanddate.com"
  },
  {
    "date": "2025-09-09",
    "weekday": "Tuesday",
    "name": "Teddy Bear Day",
    "source": "timeanddate.com"
  },
  {
    "date": "2025-09-10",
    "weekday": "Wednesday",
    "name": "Swap Ideas Day",
    "source": "timeanddate.com"
  },
  {
    "date": "2025-09-11",
    "weekday": "Thursday",
    "name": "Make Your Bed Day",
    "source": "timeanddate.com"
  },
  {
    "date": "2025-09-12",
    "weekday": "Friday",
    "name": "Chocolate Milkshake Day",
    "source": "timeanddate.com"
  },
  {
    "date": "2025-09-13",
    "weekday": "Saturday",
    "name": "Roald Dahl Day",
    "source": "timeanddate.com"
  },
  {
    "date": "2025-09-13",
    "weekday": "Saturday",
    "name": "Positive Thinking Day",
    "source": "timeanddate.com"
  },
  {
    "date": "2025-09-14",
    "weekday": "Sunday",
    "name": "Hug Your Hound Day",
    "source": "timeanddate.com"
  },
  {
    "date": "2025-09-15",
    "weekday": "Monday",
    "name": "Make a Hat Day",
    "source": "timeanddate.com"
  },
  {
    "date": "2025-09-16",
    "weekday": "Tuesday",
    "name": "Collect Rocks Day",
    "source": "timeanddate.com"
  },
  {
    "date": "2025-09-16",
    "weekday": "Tuesday",
    "name": "Guacamole Day",
    "source": "timeanddate.com"
  },
  {
    "date": "2025-09-17",
    "weekday": "Wednesday",
    "name": "International Country Music Day",
    "source": "timeanddate.com"
  },
  {
    "date": "2025-09-18",
    "weekday": "Thursday",
    "name": "Rice Krispie Treat Day",
    "source": "timeanddate.com"
  },
  {
    "date": "2025-09-19",
    "weekday": "Friday",
    "name": "International Talk Like a Pirate Day",
    "source": "timeanddate.com"
  },
  {
    "date": "2025-09-19",
    "weekday": "Friday",
    "name": "National Gymnastics Day",
    "source": "timeanddate.com"
  },
  {
    "date": "2025-09-20",
    "weekday": "Saturday",
    "name": "National CleanUp Day",
    "source": "timeanddate.com"
  },
  {
    "date": "2025-09-20",
    "weekday": "Saturday",
    "name": "Punch Day",
    "source": "timeanddate.com"
  },
  {
    "date": "2025-09-21",
    "weekday": "Sunday",
    "name": "Miniature Golf Day",
    "source": "timeanddate.com"
  },
  {
    "date": "2025-09-22",
    "weekday": "Monday",
    "name": "Hobbit Day",
    "source": "timeanddate.com"
  },
  {
    "date": "2025-09-23",
    "weekday": "Tuesday",
    "name": "Checkers Day",
    "source": "timeanddate.com"
  },
  {
    "date": "2025-09-24",
    "weekday": "Wednesday",
    "name": "Punctuation Day",
    "source": "timeanddate.com"
  },
  {
    "date": "2025-09-25",
    "weekday": "Thursday",
    "name": "Comic Book Day",
    "source": "timeanddate.com"
  },
  {
    "date": "2025-09-26",
    "weekday": "Friday",
    "name": "Love Note Day",
    "source": "timeanddate.com"
  },
  {
    "date": "2025-09-27",
    "weekday": "Saturday",
    "name": "Astronomy Day",
    "source": "timeanddate.com"
  },
  {
    "date": "2025-09-27",
    "weekday": "Saturday",
    "name": "Crush a Can Day",
    "source": "timeanddate.com"
  },
  {
    "date": "2025-09-28",
    "weekday": "Sunday",
    "name": "Ask a Stupid Question Day",
    "source": "timeanddate.com"
  },
  {
    "date": "2025-09-28",
    "weekday": "Sunday",
    "name": "Good Neighbor Day",
    "source": "timeanddate.com"
  },
  {
    "date": "2025-09-30",
    "weekday": "Tuesday",
    "name": "Hot Mulled Cider Day",
    "source": "timeanddate.com"
  },
  {
    "date": "2025-10-01",
    "weekday": "Wednesday",
    "name": "International Coffee Day",
    "source": "timeanddate.com"
  },
  {
    "date": "2025-10-01",
    "weekday": "Wednesday",
    "name": "Balloons Around the World Day",
    "source": "timeanddate.com"
  },
  {
    "date": "2025-10-02",
    "weekday": "Thursday",
    "name": "Phileas Fogg Wager Day",
    "source": "timeanddate.com"
  },
  {
    "date": "2025-10-03",
    "weekday": "Friday",
    "name": "World Smile Day",
    "source": "timeanddate.com"
  },
  {
    "date": "2025-10-04",
    "weekday": "Saturday",
    "name": "Taco Day",
    "source": "timeanddate.com"
  },
  {
    "date": "2025-10-04",
    "weekday": "Saturday",
    "name": "Card Making Day",
    "source": "timeanddate.com"
  },
  {
    "date": "2025-10-05",
    "weekday": "Sunday",
    "name": "Chic Spy Day",
    "source": "timeanddate.com"
  },
  {
    "date": "2025-10-06",
    "weekday": "Monday",
    "name": "Mad Hatter Day",
    "source": "timeanddate.com"
  },
  {
    "date": "2025-10-07",
    "weekday": "Tuesday",
    "name": "Frappé Day",
    "source": "timeanddate.com"
  },
  {
    "date": "2025-10-08",
    "weekday": "Wednesday",
    "name": "Pierogi Day",
    "source": "timeanddate.com"
  },
  {
    "date": "2025-10-09",
    "weekday": "Thursday",
    "name": "Curious Events Day",
    "source": "timeanddate.com"
  },
  {
    "date": "2025-10-10",
    "weekday": "Friday",
    "name": "Handbag Day",
    "source": "timeanddate.com"
  },
  {
    "date": "2025-10-11",
    "weekday": "Saturday",
    "name": "It's My Party Day",
    "source": "timeanddate.com"
  },
  {
    "date": "2025-10-12",
    "weekday": "Sunday",
    "name": "Old Farmers Day",
    "source": "timeanddate.com"
  },
  {
    "date": "2025-10-13",
    "weekday": "Monday",
    "name": "International Skeptics Day",
    "source": "timeanddate.com"
  },
  {
    "date": "2025-10-14",
    "weekday": "Tuesday",
    "name": "Ada Lovelace Day",
    "source": "timeanddate.com"
  },
  {
    "date": "2025-10-15",
    "weekday": "Wednesday",
    "name": "I Love Lucy Day",
    "source": "timeanddate.com"
  },
  {
    "date": "2025-10-16",
    "weekday": "Thursday",
    "name": "Dictionary Day",
    "source": "timeanddate.com"
  },
  {
    "date": "2025-10-17",
    "weekday": "Friday",
    "name": "Wear Something Gaudy Day",
    "source": "timeanddate.com"
  },
  {
    "date": "2025-10-18",
    "weekday": "Saturday",
    "name": "Sweetest Day",
    "source": "timeanddate.com"
  },
  {
    "date": "2025-10-18",
    "weekday": "Saturday",
    "name": "Chocolate Cupcake Day",
    "source": "timeanddate.com"
  },
  {
    "date": "2025-10-20",
    "weekday": "Monday",
    "name": "National Clean Out Your Virtual Desktop Day",
    "source": "timeanddate.com"
  },
  {
    "date": "2025-10-20",
    "weekday": "Monday",
    "name": "International Sloth Day",
    "source": "timeanddate.com"
  },
  {
    "date": "2025-10-21",
    "weekday": "Tuesday",
    "name": "Count your Buttons Day",
    "source": "timeanddate.com"
  },
  {
    "date": "2025-10-22",
    "weekday": "Wednesday",
    "name": "Caps Lock Day",
    "source": "timeanddate.com"
  },
  {
    "date": "2025-10-23",
    "weekday": "Thursday",
    "name": "Mole Day",
    "source": "timeanddate.com"
  },
  {
    "date": "2025-10-24",
    "weekday": "Friday",
    "name": "Bologna Day",
    "source": "timeanddate.com"
  },
  {
    "date": "2025-10-25",
    "weekday": "Saturday",
    "name": "Sourest Day",
    "source": "timeanddate.com"
  },
  {
    "date": "2025-10-26",
    "weekday": "Sunday",
    "name": "Howl at the Moon Day and Night",
    "source": "timeanddate.com"
  },
  {
    "date": "2025-10-27",
    "weekday": "Monday",
    "name": "American Beer Day",
    "source": "timeanddate.com"
  },
  {
    "date": "2025-10-28",
    "weekday": "Tuesday",
    "name": "International Animation Day",
    "source": "timeanddate.com"
  },
  {
    "date": "2025-10-29",
    "weekday": "Wednesday",
    "name": "Internet Day",
    "source": "timeanddate.com"
  },
  {
    "date": "2025-10-30",
    "weekday": "Thursday",
    "name": "Candy Corn Day",
    "source": "timeanddate.com"
  },
  {
    "date": "2025-10-31",
    "weekday": "Friday",
    "name": "Magic Day",
    "source": "timeanddate.com"
  },
  {
    "date": "2025-11-01",
    "weekday": "Saturday",
    "name": "Author's Day",
    "source": "timeanddate.com"
  },
  {
    "date": "2025-11-02",
    "weekday": "Sunday",
    "name": "Deviled Eggs Day",
    "source": "timeanddate.com"
  },
  {
    "date": "2025-11-02",
    "weekday": "Sunday",
    "name": "Zero Tasking Day",
    "source": "timeanddate.com"
  },
  {
    "date": "2025-11-03",
    "weekday": "Monday",
    "name": "Sandwich Day",
    "source": "timeanddate.com"
  },
  {
    "date": "2025-11-04",
    "weekday": "Tuesday",
    "name": "Common Sense Day",
    "source": "timeanddate.com"
  },
  {
    "date": "2025-11-06",
    "weekday": "Thursday",
    "name": "International Stout Day",
    "source": "timeanddate.com"
  },
  {
    "date": "2025-11-06",
    "weekday": "Thursday",
    "name": "Men Make Dinner Day",
    "source": "timeanddate.com"
  },
  {
    "date": "2025-11-06",
    "weekday": "Thursday",
    "name": "Saxophone Day",
    "source": "timeanddate.com"
  },
  {
    "date": "2025-11-07",
    "weekday": "Friday",
    "name": "Bittersweet Chocolate with Almonds Day",
    "source": "timeanddate.com"
  },
  {
    "date": "2025-11-08",
    "weekday": "Saturday",
    "name": "Tongue Twister Day",
    "source": "timeanddate.com"
  },
  {
    "date": "2025-11-09",
    "weekday": "Sunday",
    "name": "Chaos Never Dies Day",
    "source": "timeanddate.com"
  },
  {
    "date": "2025-11-10",
    "weekday": "Monday",
    "name": "Vanilla Cupcake Day",
    "source": "timeanddate.com"
  },
  {
    "date": "2025-11-10",
    "weekday": "Monday",
    "name": "Forget Me Not Day",
    "source": "timeanddate.com"
  },
  {
    "date": "2025-11-11",
    "weekday": "Tuesday",
    "name": "Origami Day",
    "source": "timeanddate.com"
  },
  {
    "date": "2025-11-12",
    "weekday": "Wednesday",
    "name": "Happy Hour Day",
    "source": "timeanddate.com"
  },
  {
    "date": "2025-11-13",
    "weekday": "Thursday",
    "name": "Sadie Hawkins Day",
    "source": "timeanddate.com"
  },
  {
    "date": "2025-11-13",
    "weekday": "Thursday",
    "name": "World Kindness Day",
    "source": "timeanddate.com"
  },
  {
    "date": "2025-11-14",
    "weekday": "Friday",
    "name": "Spicy Guacamole Day",
    "source": "timeanddate.com"
  },
  {
    "date": "2025-11-14",
    "weekday": "Friday",
    "name": "Pickle Day",
    "source": "timeanddate.com"
  },
  {
    "date": "2025-11-15",
    "weekday": "Saturday",
    "name": "Clean Out Your Refrigerator Day",
    "source": "timeanddate.com"
  },
  {
    "date": "2025-11-16",
    "weekday": "Sunday",
    "name": "Fast Food Day",
    "source": "timeanddate.com"
  },
  {
    "date": "2025-11-17",
    "weekday": "Monday",
    "name": "Take A Hike Day",
    "source": "timeanddate.com"
  },
  {
    "date": "2025-11-18",
    "weekday": "Tuesday",
    "name": "Push Button Phone Day",
    "source": "timeanddate.com"
  },
  {
    "date": "2025-11-20",
    "weekday": "Thursday",
    "name": "Use Less Stuff Day",
    "source": "timeanddate.com"
  },
  {
    "date": "2025-11-20",
    "weekday": "Thursday",
    "name": "National Absurdity Day",
    "source": "timeanddate.com"
  },
  {
    "date": "2025-11-21",
    "weekday": "Friday",
    "name": "World Hello Day",
    "source": "timeanddate.com"
  },
  {
    "date": "2025-11-22",
    "weekday": "Saturday",
    "name": "Go For a Ride Day",
    "source": "timeanddate.com"
  },
  {
    "date": "2025-11-23",
    "weekday": "Sunday",
    "name": "Fibonacci Day",
    "source": "timeanddate.com"
  },
  {
    "date": "2025-11-24",
    "weekday": "Monday",
    "name": "Celebrate Your Unique Talent Day",
    "source": "timeanddate.com"
  },
  {
    "date": "2025-11-25",
    "weekday": "Tuesday",
    "name": "Shopping Reminder Day",
    "source": "timeanddate.com"
  },
  {
    "date": "2025-11-26",
    "weekday": "Wednesday",
    "name": "Cake Day",
    "source": "timeanddate.com"
  },
  {
    "date": "2025-11-28",
    "weekday": "Friday",
    "name": "Red Planet Day",
    "source": "timeanddate.com"
  },
  {
    "date": "2025-11-28",
    "weekday": "Friday",
    "name": "Buy Nothing Day",
    "source": "timeanddate.com"
  },
  {
    "date": "2025-11-29",
    "weekday": "Saturday",
    "name": "Electronic Greeting Card Day",
    "source": "timeanddate.com"
  },
  {
    "date": "2025-11-30",
    "weekday": "Sunday",
    "name": "Computer Security Day",
    "source": "timeanddate.com"
  },
  {
    "date": "2025-12-01",
    "weekday": "Monday",
    "name": "Eat a Red Apple Day",
    "source": "timeanddate.com"
  },
  {
    "date": "2025-12-02",
    "weekday": "Tuesday",
    "name": "Fritters Day",
    "source": "timeanddate.com"
  },
  {
    "date": "2025-12-03",
    "weekday": "Wednesday",
    "name": "Make a Gift Day",
    "source": "timeanddate.com"
  },
  {
    "date": "2025-12-04",
    "weekday": "Thursday",
    "name": "Wear Brown Shoes Day",
    "source": "timeanddate.com"
  },
  {
    "date": "2025-12-05",
    "weekday": "Friday",
    "name": "Day of the Ninja",
    "source": "timeanddate.com"
  },
  {
    "date": "2025-12-06",
    "weekday": "Saturday",
    "name": "Put on Your Own Shoes Day",
    "source": "timeanddate.com"
  },
  {
    "date": "2025-12-06",
    "weekday": "Saturday",
    "name": "Microwave Oven Day",
    "source": "timeanddate.com"
  },
  {
    "date": "2025-12-07",
    "weekday": "Sunday",
    "name": "Letter Writing Day",
    "source": "timeanddate.com"
  },
  {
    "date": "2025-12-08",
    "weekday": "Monday",
    "name": "Pretend to Be a Time Traveler Day",
    "source": "timeanddate.com"
  },
  {
    "date": "2025-12-09",
    "weekday": "Tuesday",
    "name": "Christmas Card Day",
    "source": "timeanddate.com"
  },
  {
    "date": "2025-12-10",
    "weekday": "Wednesday",
    "name": "Dewey Decimal System Day",
    "source": "timeanddate.com"
  },
  {
    "date": "2025-12-10",
    "weekday": "Wednesday",
    "name": "Jane Addams Day",
    "source": "timeanddate.com"
  },
  {
    "date": "2025-12-11",
    "weekday": "Thursday",
    "name": "Noodle Ring Day",
    "source": "timeanddate.com"
  },
  {
    "date": "2025-12-12",
    "weekday": "Friday",
    "name": "Official Lost and Found Day",
    "source": "timeanddate.com"
  },
  {
    "date": "2025-12-12",
    "weekday": "Friday",
    "name": "Gingerbread House Day",
    "source": "timeanddate.com"
  },
  {
    "date": "2025-12-14",
    "weekday": "Sunday",
    "name": "Monkey Day",
    "source": "timeanddate.com"
  },
  {
    "date": "2025-12-14",
    "weekday": "Sunday",
    "name": "Free Shipping Day",
    "source": "timeanddate.com"
  },
  {
    "date": "2025-12-16",
    "weekday": "Tuesday",
    "name": "Chocolate Covered Anything Day",
    "source": "timeanddate.com"
  },
  {
    "date": "2025-12-17",
    "weekday": "Wednesday",
    "name": "Wright Brothers Day",
    "source": "timeanddate.com"
  },
  {
    "date": "2025-12-19",
    "weekday": "Friday",
    "name": "Underdog Day",
    "source": "timeanddate.com"
  },
  {
    "date": "2025-12-19",
    "weekday": "Friday",
    "name": "Ugly Sweater Day",
    "source": "timeanddate.com"
  },
  {
    "date": "2025-12-20",
    "weekday": "Saturday",
    "name": "Sangria Day",
    "source": "timeanddate.com"
  },
  {
    "date": "2025-12-21",
    "weekday": "Sunday",
    "name": "International Dalek Remembrance Day",
    "source": "timeanddate.com"
  },
  {
    "date": "2025-12-22",
    "weekday": "Monday",
    "name": "Date Nut Bread Day",
    "source": "timeanddate.com"
  },
  {
    "date": "2025-12-23",
    "weekday": "Tuesday",
    "name": "Festivus",
    "source": "timeanddate.com"
  },
  {
    "date": "2025-12-24",
    "weekday": "Wednesday",
    "name": "Eggnog Day",
    "source": "timeanddate.com"
  },
  {
    "date": "2025-12-25",
    "weekday": "Thursday",
    "name": "A'phabet Day or No \"L\" Day",
    "source": "timeanddate.com"
  },
  {
    "date": "2025-12-25",
    "weekday": "Thursday",
    "name": "Grav Mass Day",
    "source": "timeanddate.com"
  },
  {
    "date": "2025-12-26",
    "weekday": "Friday",
    "name": "Thank You Note Day",
    "source": "timeanddate.com"
  },
  {
    "date": "2025-12-27",
    "weekday": "Saturday",
    "name": "No Interruptions Day",
    "source": "timeanddate.com"
  },
  {
    "date": "2025-12-28",
    "weekday": "Sunday",
    "name": "Card Playing Day",
    "source": "timeanddate.com"
  },
  {
    "date": "2025-12-29",
    "weekday": "Monday",
    "name": "Pepper Pot Day",
    "source": "timeanddate.com"
  },
  {
    "date": "2025-12-30",
    "weekday": "Tuesday",
    "name": "Bicarbonate of Soda Day",
    "source": "timeanddate.com"
  },
  {
    "date": "2025-12-31",
    "weekday": "Wednesday",
    "name": "Make Up Your Mind Day",
    "source": "timeanddate.com"
  }
]